subject ID,labels,0,1,2,3,4,5,6,7,8,9,10,11,12,13,14,15,16,17,18,19,20,21,22,23,24,25,26,27,28,29,30,31,32,33,34,35,36,37,38,39,40,41,42,43,44,45,46,47,48,49,50,51,52,53,54,55,56,57,58,59,60,61,62,63,64,65,66,67,68,69,70,71,72,73,74,75,76,77,78,79,80,81,82,83,84,85,86,87,88,89,90,91,92,93,94,95,96,97,98,99,100,101,102,103,104,105,106,107,108,109,110,111,112,113,114,115,116,117,118,119,120,121,122,123,124,125,126,127,128,129,130,131,132,133,134,135,136,137,138,139,140,141,142,143,144,145,146,147,148,149,150,151,152,153,154,155,156,157,158,159,160,161,162,163,164,165,166,167,168,169,170,171,172,173,174,175,176,177,178,179,180,181,182,183,184,185,186,187,188,189,190,191,192,193,194,195,196,197,198,199,200,201,202,203,204,205,206,207,208,209,210,211,212,213,214,215,216,217,218,219,220,221,222,223,224,225,226,227,228,229,230,231,232,233,234,235,236,237,238,239,240,241,242,243,244,245,246,247,248,249,250,251,252,253,254,255,256,257,258,259,260,261,262,263,264,265,266,267,268,269,270,271,272,273,274,275,276,277,278,279,280,281,282,283,284,285,286,287,288,289,290,291,292,293,294,295,296,297,298,299,300,301,302,303,304,305,306,307,308,309,310,311,312,313,314,315,316,317,318,319,320,321,322,323,324,325,326,327,328,329,330,331,332,333,334,335,336,337,338,339,340,341,342,343,344,345,346,347,348,349,350,351,352,353,354,355,356,357,358,359,360,361,362,363,364,365,366,367,368,369,370,371,372,373,374,375,376,377,378,379,380,381,382,383,384,385,386,387,388,389,390,391,392,393,394,395,396,397,398,399,400,401,402,403,404,405,406,407,408,409,410,411,412,413,414,415,416,417,418,419,420,421,422,423,424,425,426,427,428,429,430,431,432,433,434,435,436,437,438,439,440,441,442,443,444,445,446,447,448,449,450,451,452,453,454,455,456,457,458,459,460,461,462,463,464,465,466,467,468,469,470,471,472,473,474,475,476,477,478,479,480,481,482,483,484,485,486,487,488,489,490,491,492,493,494,495,496,497,498,499,500,501,502,503,504,505,506,507,508,509,510,511,512,513,514,515,516,517,518,519,520,521,522,523,524,525,526,527,528,529,530,531,532,533,534,535,536,537,538,539,540,541,542,543,544,545,546,547,548,549,550,551,552,553,554,555,556,557,558,559,560,561,562,563,564,565,566,567,568,569,570,571,572,573,574,575,576,577,578,579,580,581,582,583,584,585,586,587,588,589,590,591,592,593,594,595,596,597,598,599,600,601,602,603,604,605,606,607,608,609,610,611,612,613,614,615,616,617,618,619,620,621,622,623,624,625,626,627,628,629,630,631,632,633,634,635,636,637,638,639,640,641,642,643,644,645,646,647,648,649,650,651,652,653,654,655,656,657,658,659,660,661,662,663,664,665,666,667,668,669,670,671,672,673,674,675,676,677,678,679,680,681
sub_1,stress,736,738,728,698,684,704,710,722,666,656,690,724,744,688,666,684,708,702,674,670,674,710,686,682,692,706,708,692,716,742,722,698,652,648,662,696,734,694,702,726,756,712,680,670,690,666,684,736,742,726,674,664,678,692,684,666,654,676,686,672,656,666,702,734,784,608,480,298,472,666,662,678,672,690,646,636,660,732,764,794,776,736,714,662,654,646,662,696,652,648,662,676,692,690,660,656,670,700,710,698,660,658,674,680,688,704,686,688,704,734,738,680,674,696,728,734,674,660,676,690,712,678,692,694,704,690,660,652,660,680,694,718,678,664,686,690,700,688,656,654,670,672,668,640,638,636,644,648,634,646,658,680,688,674,684,674,662,624,616,620,670,678,662,666,682,694,680,640,642,650,666,680,646,666,704,670,664,666,682,704,684,656,662,694,708,722,714,682,686,696,660,672,670,684,688,682,650,664,690,708,640,386,302,614,626,608,630,622,620,628,638,646,658,646,624,636,634,666,682,684,654,650,656,686,664,398,310,622,608,636,644,666,644,652,662,670,690,684,680,634,650,668,676,710,678,650,656,664,676,662,650,646,654,674,646,652,654,666,628,634,662,696,700,686,640,634,636,644,642,654,666,660,656,632,652,670,678,672,642,640,652,654,660,682,662,632,652,668,688,664,648,650,670,674,658,644,636,646,650,662,676,652,650,662,668,634,632,620,598,646,716,678,672,710,718,704,706,656,650,642,644,666,660,646,668,688,734,698,690,638,648,650,664,638,642,632,646,674,690,676,686,694,612,660,606,652,642,644,660,672,670,660,662,680,698,712,710,660,648,654,674,624,674,640,660,716,738,736,732,668,674,686,694,704,688,650,668,656,668,688,678,658,670,692,696,698,674,666,696,698,702,640,648,662,664,652,628,640,652,666,694,666,650,656,662,664,616,614,604,626,656,682,692,690,668,660,662,692,652,634,640,658,680,676,646,650,660,622,738,650,660,654,672,658,642,650,656,682,678,654,666,672,686,688,642,620,636,642,678,684,698,716,704,718,690,662,646,636,598,612,608,644,660,632,636,654,686,642,630,644,652,678,616,632,612,594,608,666,722,682,656,664,698,712,646,660,666,676,660,646,654,692,718,732,730,668,660,674,698,724,684,688,700,722,718,710,666,672,670,678,686,694,668,658,676,700,674,650,672,708,726,696,666,688,704,728,746,692,696,668,670,686,,,,,,,,,,,,,,,,,,,,,,,,,,,,,,,,,,,,,,,,,,,,,,,,,,,,,,,,,,,,,,,,,,,,,,,,,,,,,,,,,,,,,,,,,,,,,,,,,,,,,,,,,,,,,,,,,,,,,,,,,,,,,,,,,,,,,,,,,,,,,,,,,,,,,,
sub_2,stress,722,684,660,666,670,666,668,644,668,678,654,656,688,676,648,674,658,676,624,628,682,658,716,730,576,788,472,284,522,552,598,552,498,298,252,338,490,552,588,650,682,778,692,696,418,252,510,582,612,510,578,584,520,528,316,274,584,574,532,542,514,524,558,526,546,554,564,596,648,726,740,792,796,808,726,682,672,674,638,634,630,634,566,612,606,634,686,676,710,714,688,634,620,626,664,662,670,634,662,636,646,714,730,742,728,714,632,634,642,614,668,700,718,736,740,716,712,720,670,668,622,652,630,656,710,642,698,674,722,656,628,644,626,640,676,704,658,670,664,680,630,668,646,686,698,642,636,642,630,632,640,674,640,638,660,692,638,660,642,622,638,666,678,672,682,640,622,620,636,646,642,630,626,616,612,596,598,610,616,640,648,636,640,626,638,648,666,626,616,634,610,620,664,632,616,624,644,620,604,610,634,654,640,622,634,664,684,664,634,672,686,612,596,610,640,660,680,698,702,664,692,640,674,684,682,678,664,646,616,626,642,644,632,670,686,706,674,682,702,634,640,658,698,634,670,660,680,658,614,606,610,608,688,602,606,630,672,628,686,660,626,696,632,680,660,626,624,616,610,632,694,632,676,698,710,702,686,654,612,600,602,606,578,558,586,646,690,670,722,738,766,708,676,694,686,608,612,626,656,684,730,674,658,718,666,642,632,624,656,730,734,738,676,664,678,670,666,658,678,690,734,724,756,746,752,698,692,682,700,632,638,664,686,698,660,664,658,706,678,688,634,630,644,648,672,684,704,628,614,638,642,674,704,692,646,684,638,642,628,644,622,610,620,624,664,640,678,668,670,660,676,660,670,664,596,604,600,594,628,614,636,650,696,674,704,702,654,622,614,608,616,608,622,654,688,662,646,672,690,644,696,628,622,626,674,610,622,646,682,632,662,678,682,632,620,630,624,642,660,678,672,694,678,634,628,632,634,640,620,684,692,694,632,638,678,660,698,632,620,626,628,640,616,632,664,686,692,704,716,702,662,634,616,592,598,592,612,654,662,696,732,748,714,694,710,702,666,640,652,692,688,684,644,684,706,634,618,622,670,646,668,696,722,714,720,656,690,662,690,662,622,636,676,708,680,704,714,670,710,722,716,662,634,642,610,612,664,660,694,722,696,718,746,766,716,706,666,696,712,664,702,634,636,690,700,656,684,714,628,622,654,700,708,670,714,702,656,702,660,692,666,690,638,666,658,696,722,740,736,664,652,658,666,644,670,662,636,652,730,,,,,,,,,,,,,,,,,,,,,,,,,,,,,,,,,,,,,,,,,,,,,,,,,,,,,,,,,,,,,,,,,,,,,,,,,,,,,,,,,,,,,,,,,,,,,,,,,,,,,,,,,,,,,,,,,,,,,,,,,,,
sub_3,stress,572,564,550,526,524,510,502,496,502,520,564,596,586,576,626,644,608,584,582,588,560,554,572,558,550,560,626,660,640,630,654,668,566,590,598,626,560,552,542,532,526,546,630,716,690,682,664,630,592,572,576,546,550,576,578,580,556,574,634,590,554,558,570,590,548,526,538,546,550,554,590,578,580,594,602,570,556,560,566,540,520,532,548,562,612,616,622,598,586,624,616,578,560,576,568,558,548,564,548,534,530,540,524,526,536,590,626,602,612,620,606,576,578,582,560,546,544,532,508,510,530,586,602,614,646,658,596,626,620,584,566,578,586,564,568,564,546,542,546,564,548,516,518,532,544,546,570,556,550,526,510,540,552,540,538,530,514,528,522,524,512,540,576,648,638,654,630,604,596,622,586,562,550,552,534,524,544,568,564,552,572,570,560,552,556,566,544,540,538,532,530,540,588,732,668,616,634,648,596,566,598,582,570,558,576,570,546,548,552,566,556,610,690,714,646,624,614,618,582,650,606,590,604,612,606,598,582,564,532,508,514,526,606,602,586,636,640,584,602,610,598,578,572,560,542,554,538,528,526,570,586,566,608,618,582,570,584,560,548,526,530,504,492,502,508,514,492,514,506,520,514,504,510,512,506,498,494,490,500,504,522,528,510,516,526,520,494,484,498,518,530,532,528,556,562,534,538,522,508,522,524,514,494,512,544,554,594,620,602,564,576,542,516,510,544,556,540,532,540,536,544,532,518,530,532,518,532,542,606,608,576,594,586,572,558,564,560,548,510,516,522,534,528,520,558,616,626,594,568,576,556,522,538,548,550,524,532,540,526,530,540,554,572,566,542,556,544,542,550,562,568,566,564,566,582,562,566,536,552,558,540,520,522,512,518,512,522,556,614,600,572,592,594,566,554,552,534,546,520,524,556,488,512,452,514,580,474,568,534,524,516,532,508,518,426,1110,668,400,576,590,664,734,654,570,664,528,558,520,1062,638,446,630,526,560,1082,650,416,514,540,708,798,734,694,638,598,596,562,546,570,572,566,560,606,630,640,642,678,702,724,716,664,666,674,680,666,672,674,706,700,678,706,708,642,620,628,640,674,602,584,562,586,632,602,600,608,592,578,594,588,578,590,562,576,558,572,622,630,576,532,562,526,538,546,556,530,544,552,526,584,548,,,,,,,,,,,,,,,,,,,,,,,,,,,,,,,,,,,,,,,,,,,,,,,,,,,,,,,,,,,,,,,,,,,,,,,,,,,,,,,,,,,,,,,,,,,,,,,,,,,,,,,,,,,,,,,,,,,,,,,,,,,,,,,,,,,,,,,,,,,,,,,,,,,,,,,,,,,,,,,,,,,,,,,,,,,,
sub_4,stress,398,252,426,636,640,634,662,632,622,628,624,632,658,648,634,630,626,630,646,610,644,658,664,672,670,652,664,674,680,660,668,654,656,668,664,672,682,662,660,622,658,616,634,646,654,650,636,642,648,632,634,674,672,670,668,662,652,642,638,652,658,652,656,658,670,668,664,658,654,638,632,614,622,644,646,666,684,708,684,692,704,718,710,712,700,672,666,662,654,632,634,662,678,676,688,676,682,684,690,670,696,684,682,656,648,666,656,664,660,690,682,688,684,660,662,676,698,660,672,688,680,686,676,686,674,676,680,684,678,684,660,670,668,654,662,656,664,668,662,676,662,648,682,680,688,696,682,668,630,632,678,642,634,664,642,646,664,676,692,710,700,666,688,702,688,654,662,672,682,688,672,680,674,682,674,684,690,676,658,626,648,652,636,642,646,648,614,608,628,616,662,586,606,588,590,604,602,608,618,628,666,672,652,664,666,650,628,648,636,638,644,638,626,630,642,660,658,646,624,654,656,654,646,616,628,652,648,650,644,620,642,654,640,656,664,686,670,708,668,686,690,674,684,688,674,670,662,666,682,680,670,674,670,684,668,678,682,700,698,686,670,666,662,644,654,652,650,652,668,662,668,664,646,644,650,672,624,616,598,608,622,620,606,624,636,634,648,618,616,644,628,640,636,646,628,612,616,618,628,624,642,620,608,626,610,644,614,622,588,602,614,618,648,626,632,638,628,632,622,616,592,594,590,588,590,604,602,600,608,622,656,654,642,652,654,598,614,616,626,648,614,600,620,612,606,604,590,588,584,592,612,648,630,638,642,638,634,638,626,622,624,600,598,604,624,626,638,646,640,656,682,684,700,686,676,658,660,620,626,630,634,644,642,682,660,622,602,674,634,620,598,582,600,598,620,622,634,628,640,654,658,654,640,636,648,660,650,658,672,644,650,658,646,648,622,616,626,636,612,640,650,656,674,680,688,672,676,660,664,652,628,632,626,630,628,602,614,630,640,646,644,658,670,686,674,678,682,654,668,660,638,656,650,642,640,646,614,626,648,644,640,658,650,648,638,642,636,610,636,634,630,636,628,638,632,646,642,648,664,656,668,632,648,632,640,646,584,600,580,584,578,592,600,606,616,634,648,666,692,704,698,710,664,682,680,696,658,664,642,628,646,630,634,654,662,624,648,658,650,656,668,662,670,664,628,654,628,604,600,608,616,660,662,666,700,696,684,680,682,680,694,676,690,686,676,648,656,658,668,646,648,662,684,678,686,678,640,612,614,626,636,610,594,592,584,598,606,662,666,680,692,680,682,672,644,650,630,616,604,598,600,610,646,676,690,688,702,712,704,700,714,720,692,592,356,352,1920,,,,,,,,,,,,,,,,,,,,,,,,,,,,,,,,,,,,,,,,,,,,,,,,,,,,,,,,,,,,,,,,,,,,,,,,,,,,,,,,,,,,,
sub_5,stress,680,702,672,640,676,708,646,692,712,720,680,686,718,678,708,682,664,660,670,632,636,654,678,666,692,704,688,686,730,734,698,658,638,634,670,678,688,682,724,736,734,706,694,684,678,656,680,656,658,662,652,636,624,626,642,646,656,674,646,678,636,650,668,678,646,662,676,654,658,678,656,646,662,666,640,650,678,668,652,674,676,662,678,702,716,678,704,666,680,654,638,644,654,694,666,646,622,652,616,614,592,624,608,684,688,734,664,654,688,698,646,608,622,636,662,650,672,658,674,658,636,634,638,650,628,630,646,648,656,660,656,680,662,656,666,634,640,642,638,620,638,654,636,640,646,636,626,648,636,594,648,608,614,612,606,596,630,572,594,604,618,606,616,638,632,634,650,666,650,642,640,634,622,602,604,594,620,638,652,612,632,652,670,680,638,634,636,638,604,606,632,586,588,578,606,574,622,616,626,638,648,614,634,628,614,626,632,630,620,638,648,626,640,646,652,636,650,628,646,664,602,630,612,634,642,644,632,630,602,566,596,610,586,612,636,650,702,638,702,674,664,624,578,640,586,550,534,564,602,508,588,568,606,548,588,554,588,564,584,578,632,564,596,590,594,574,594,572,564,532,564,536,554,552,562,598,622,654,668,686,676,680,662,678,644,670,644,638,620,594,606,614,608,624,660,680,702,656,642,634,644,650,644,640,650,666,670,698,706,700,710,668,648,662,674,648,636,620,612,600,606,626,648,666,660,648,654,678,684,676,684,664,658,680,638,622,654,624,610,658,690,684,638,688,662,642,672,682,672,668,686,630,632,628,622,632,624,602,612,620,618,626,632,624,628,640,604,582,604,606,596,582,590,626,620,590,616,626,640,614,624,636,614,618,644,646,670,672,644,650,674,622,616,640,636,648,632,646,662,644,646,642,640,602,616,618,620,582,636,602,634,630,642,644,622,638,648,606,616,634,614,626,662,660,648,640,660,644,636,644,618,612,610,616,622,632,616,646,674,652,650,668,666,642,648,632,634,646,626,658,674,650,662,668,636,634,648,604,616,592,626,642,634,654,664,688,674,666,680,684,644,654,630,640,658,646,632,650,610,628,612,610,586,572,604,588,604,636,666,652,648,670,656,632,628,626,610,628,606,612,634,648,626,618,616,610,612,618,654,614,644,648,620,608,610,602,588,594,620,634,630,626,652,664,648,656,670,652,658,666,638,606,640,622,,,,,,,,,,,,,,,,,,,,,,,,,,,,,,,,,,,,,,,,,,,,,,,,,,,,,,,,,,,,,,,,,,,,,,,,,,,,,,,,,,,,,,,,,,,,,,,,,,,,,,,,,,,,,,,,,,,,,,,,,,,,,,,,,,,,,,,,,,,,,,,,,,,,
sub_6,stress,666,636,644,616,694,652,612,664,596,590,586,568,586,558,554,616,570,636,546,576,580,590,586,558,618,600,614,626,608,654,588,590,568,556,584,534,530,532,542,550,558,600,640,672,664,662,606,678,562,616,602,564,566,616,638,604,690,684,628,658,634,690,646,640,664,658,688,678,650,636,630,666,660,688,650,606,608,638,620,606,620,636,624,640,654,678,686,658,626,608,598,584,608,644,652,632,572,606,602,620,654,684,702,680,648,620,626,624,590,554,578,622,680,732,736,686,698,726,754,704,696,746,752,750,698,710,750,706,684,694,722,720,756,698,684,676,696,702,670,656,704,686,678,670,686,692,670,662,668,672,694,704,624,662,626,662,554,598,600,576,624,660,694,698,730,676,626,664,612,630,618,600,622,620,640,656,680,652,674,698,684,680,664,594,598,612,632,654,664,660,630,644,670,692,706,712,682,644,662,644,618,604,620,658,688,684,650,692,748,776,748,666,662,670,596,666,618,640,622,594,564,598,588,586,618,668,650,696,680,658,664,656,708,628,600,606,580,600,630,628,648,656,654,666,630,648,666,630,606,624,674,688,640,632,666,706,708,676,666,708,710,662,634,648,674,662,646,644,658,708,654,676,696,710,674,670,694,698,668,620,638,664,640,614,620,658,688,706,714,652,634,666,680,658,622,652,684,654,664,680,662,632,654,692,722,674,658,680,708,660,626,654,664,640,630,658,664,656,638,650,686,718,692,654,656,688,670,618,640,662,646,624,658,684,658,626,656,672,666,632,630,662,678,656,634,644,668,640,638,654,700,688,638,652,674,704,658,638,668,670,676,628,618,644,660,640,616,630,650,666,636,628,654,692,684,620,642,672,684,642,644,666,682,646,640,652,692,654,628,646,672,684,642,648,668,702,658,630,682,694,674,636,646,678,742,690,650,674,706,712,660,666,696,728,696,660,642,678,676,644,612,650,682,648,634,678,704,662,648,690,696,658,634,654,674,660,628,642,666,700,664,630,674,696,684,630,644,668,688,644,612,630,652,666,646,644,688,716,670,662,686,704,654,640,656,680,646,638,654,664,640,626,638,660,632,586,596,622,612,596,618,664,666,632,636,652,676,640,606,636,656,644,608,628,650,646,628,602,626,632,594,616,652,672,636,642,644,648,612,606,626,632,614,596,606,632,664,650,614,640,650,658,642,612,644,648,608,604,618,630,628,596,606,636,656,632,618,654,674,646,622,650,670,636,620,624,654,676,646,636,654,686,660,624,634,666,704,658,626,634,664,650,626,614,636,660,648,620,646,668,700,678,630,668,688,716,686,638,654,680,706,658,624,640,646,672,634,620,678,710,678,638,660,734,684,670,622,638,644,664,648,620,646,686,702,638,640,654,692,674,630,636,650,688,674,636,652,704,698,650,624,632,666,670,676,654,682,664,656,592,588,578,630,558,628,608,588,616,668,684,652,630,654,688,676,636,616,630,658,672,622,612,646,706,776,698,662,720,732,678,686,,,,,,,,,,,,,,,,,,,,,
sub_7,stress,608,614,612,592,576,608,636,662,656,610,636,698,692,672,630,582,560,564,586,628,650,598,584,620,652,676,624,586,596,606,636,618,592,604,616,660,676,622,614,624,638,650,606,592,624,672,642,598,568,572,560,538,520,534,518,528,544,594,558,506,552,532,524,520,534,544,584,604,578,594,648,688,632,590,604,622,662,668,612,586,604,570,568,592,766,862,806,710,694,788,706,640,660,780,856,818,708,640,662,726,820,780,668,670,736,844,786,660,732,816,720,654,678,716,754,694,672,750,802,728,642,624,654,700,744,676,644,706,790,770,682,670,664,652,622,598,616,640,686,636,598,636,758,770,660,656,652,606,604,620,634,664,648,600,594,620,650,690,638,616,638,648,662,616,596,626,644,654,612,586,600,618,642,608,584,608,638,676,634,588,598,628,652,604,566,576,596,616,592,578,638,704,738,690,606,588,582,558,554,564,608,710,754,740,652,606,620,642,670,686,638,600,636,644,630,612,642,630,594,600,628,642,646,612,584,592,614,648,676,614,564,582,604,672,760,676,604,612,638,660,690,646,588,580,588,604,650,652,624,644,668,678,672,618,588,600,626,674,646,592,588,594,608,636,618,590,616,666,652,576,556,576,596,620,598,590,606,582,576,618,684,700,634,610,634,654,632,588,576,582,576,578,568,556,582,672,762,680,614,634,662,664,616,586,600,612,600,572,568,602,628,658,614,584,612,628,624,588,572,598,648,674,622,584,598,612,622,600,570,578,610,630,656,608,570,582,598,626,616,578,594,596,608,588,572,592,640,670,630,596,614,640,622,592,588,608,648,664,622,612,634,664,638,590,576,580,594,640,634,586,580,608,656,672,612,592,610,618,622,588,562,570,572,586,560,562,606,678,710,690,610,568,578,596,642,662,608,604,652,638,610,608,598,560,552,556,570,580,596,604,580,570,560,556,550,558,580,612,618,622,608,662,690,660,682,728,784,732,694,700,712,706,666,618,614,574,528,550,526,550,560,584,612,606,604,612,614,596,572,560,550,556,554,570,674,808,848,742,732,704,634,614,608,642,620,588,590,586,622,644,598,588,582,592,604,614,596,576,574,562,580,576,654,722,704,692,746,814,876,770,670,644,688,902,,,,,,,,,,,,,,,,,,,,,,,,,,,,,,,,,,,,,,,,,,,,,,,,,,,,,,,,,,,,,,,,,,,,,,,,,,,,,,,,,,,,,,,,,,,,,,,,,,,,,,,,,,,,,,,,,,,,,,,,,,,,,,,,,,,,,,,,,,,,,,,,,,,,,,,,,,,,,,,,,,,,,,,,,,,,,,,,,,,,,,,,,,,,
sub_8,stress,272,418,252,474,284,480,820,750,736,808,850,750,682,668,744,834,822,732,720,822,868,802,734,744,852,758,694,650,768,862,984,946,824,834,886,832,736,754,866,950,894,906,882,828,740,738,774,754,714,708,874,1026,1052,994,966,912,838,852,810,760,680,718,840,892,798,830,964,956,892,890,832,790,726,740,780,758,702,670,726,852,928,942,878,926,920,882,748,782,784,812,798,812,750,686,726,812,844,768,850,932,906,932,908,850,796,946,990,866,908,918,910,918,838,854,904,886,864,946,934,820,752,742,774,826,792,752,722,904,876,774,844,826,834,784,698,756,740,812,750,708,688,698,764,842,776,808,834,820,776,718,728,756,678,646,660,696,718,702,688,732,756,772,722,716,734,790,722,688,698,750,732,684,658,684,694,714,670,656,652,634,660,658,630,626,642,670,634,606,604,638,644,622,630,666,664,646,644,688,734,712,680,676,700,704,726,794,814,866,754,700,742,738,714,746,704,672,754,854,916,834,848,938,930,842,804,872,828,804,834,766,752,856,952,994,916,844,812,824,828,748,764,838,846,808,862,900,914,898,884,946,918,814,724,758,826,924,954,838,874,928,830,780,792,818,760,782,818,844,792,832,874,916,826,890,916,896,826,840,898,928,826,858,912,914,850,966,920,870,778,766,778,810,776,734,856,844,776,820,852,776,702,718,766,724,712,734,760,754,726,776,826,774,744,770,790,764,724,744,798,750,698,710,722,708,674,688,720,740,758,720,740,772,710,686,738,808,782,736,724,760,828,826,790,778,824,856,790,818,826,776,694,716,746,758,728,714,764,882,848,768,784,822,744,782,754,730,706,788,882,856,812,930,912,830,794,,,,,,,,,,,,,,,,,,,,,,,,,,,,,,,,,,,,,,,,,,,,,,,,,,,,,,,,,,,,,,,,,,,,,,,,,,,,,,,,,,,,,,,,,,,,,,,,,,,,,,,,,,,,,,,,,,,,,,,,,,,,,,,,,,,,,,,,,,,,,,,,,,,,,,,,,,,,,,,,,,,,,,,,,,,,,,,,,,,,,,,,,,,,,,,,,,,,,,,,,,,,,,,,,,,,,,,,,,,,,,,,,,,,,,,,,,,,,,,,,,,,,,,,,,,,,,,,,,,,,,,,,,,,,,,,,,,,,,,,,,,,,,,,,,,,,,,,,,,,,,,,,,,
sub_9,stress,678,664,640,634,598,602,626,660,662,656,664,638,618,668,712,752,738,682,628,650,666,722,714,726,728,716,674,614,644,696,722,636,604,608,612,880,804,722,686,628,620,630,640,616,610,608,670,734,758,714,670,672,658,602,598,628,670,688,668,620,636,664,676,654,670,660,662,648,614,630,664,712,694,642,598,590,608,632,674,636,612,636,672,676,632,622,648,636,652,618,614,644,670,644,660,686,678,656,618,636,660,686,688,612,632,648,628,666,684,666,644,626,664,672,678,686,642,630,660,672,658,624,638,644,652,616,612,636,620,608,624,646,594,586,612,626,632,614,594,620,664,706,700,664,630,612,644,660,686,702,684,656,642,622,582,588,594,582,642,690,664,618,600,632,700,712,654,628,656,664,624,626,658,666,650,610,634,662,674,732,728,710,622,636,620,612,656,666,692,672,644,658,686,690,680,632,618,652,716,726,696,654,674,664,698,712,670,648,674,740,690,632,634,608,626,596,600,602,648,732,722,702,666,614,622,658,662,660,666,640,648,622,590,602,616,726,730,702,650,630,618,602,610,638,624,606,644,696,704,700,654,612,636,654,670,702,668,634,600,604,586,616,614,632,644,634,612,608,640,668,700,718,698,640,624,630,642,624,614,662,696,744,702,628,612,604,624,612,614,644,666,664,638,602,622,650,654,640,608,594,614,628,662,620,616,642,682,622,614,612,600,596,574,570,592,618,632,648,638,588,586,600,614,638,624,594,624,642,692,718,660,648,686,716,722,668,604,612,638,690,708,696,654,662,690,654,610,632,652,696,700,640,652,694,708,654,630,652,674,654,622,594,564,596,584,632,708,624,636,626,616,610,614,608,602,608,612,614,616,620,646,634,656,666,688,708,694,646,626,654,688,702,656,628,666,698,672,622,610,644,664,668,638,614,626,638,652,646,610,612,632,660,678,672,606,596,614,612,606,612,622,638,600,598,602,626,650,654,648,626,612,622,626,624,628,616,578,570,588,602,,,,,,,,,,,,,,,,,,,,,,,,,,,,,,,,,,,,,,,,,,,,,,,,,,,,,,,,,,,,,,,,,,,,,,,,,,,,,,,,,,,,,,,,,,,,,,,,,,,,,,,,,,,,,,,,,,,,,,,,,,,,,,,,,,,,,,,,,,,,,,,,,,,,,,,,,,,,,,,,,,,,,,,,,,,,,,,,,,,,,,,,,,,,,,,,,,,,,,,,,,,,,,,,,,,,,,,,,,,,,,,,,,,,,,,,,,,,,,,,,,
sub_10,stress,556,564,562,560,550,554,562,572,568,582,600,620,614,582,574,562,552,556,566,554,590,614,636,654,676,666,624,606,630,620,598,596,606,586,602,618,586,634,672,686,700,648,626,674,650,638,690,688,662,670,664,640,626,644,638,616,620,640,654,624,598,606,624,704,700,674,654,634,626,616,598,582,586,584,606,620,618,604,592,586,568,570,578,598,632,644,664,678,666,696,670,690,642,632,636,632,638,652,658,702,678,704,636,604,610,620,632,674,634,616,608,590,598,638,648,684,686,670,666,650,638,620,612,620,616,634,664,660,658,676,664,634,612,592,626,802,778,768,760,736,706,692,672,666,646,614,634,662,650,688,714,736,718,694,682,686,724,740,710,660,690,704,662,674,740,770,840,818,796,738,720,706,688,690,712,716,748,764,684,660,670,690,652,664,646,656,762,734,786,764,738,750,724,716,712,684,732,726,734,656,674,696,714,734,758,710,660,640,642,628,646,674,668,684,700,760,736,688,646,686,722,714,752,766,792,776,782,764,760,694,702,726,712,756,792,796,804,794,762,722,690,656,690,718,782,790,798,796,752,758,742,718,720,692,632,656,686,796,824,832,816,792,756,746,688,650,648,640,660,672,734,788,812,790,766,746,732,718,708,704,698,714,710,766,690,664,688,698,662,692,734,788,792,766,738,730,716,704,656,674,716,752,774,772,694,672,686,682,634,642,658,710,728,748,764,704,676,698,708,714,706,708,714,720,750,754,798,728,692,706,740,720,708,688,752,836,814,822,834,850,806,736,706,684,702,700,736,746,764,784,756,788,746,774,748,676,712,732,764,752,744,746,706,718,736,786,808,766,812,758,752,730,728,734,764,748,750,724,694,700,680,718,702,764,786,772,760,722,734,718,728,720,750,734,744,722,744,748,708,726,740,694,650,640,706,768,744,740,726,716,690,672,660,640,650,648,692,740,774,796,766,774,772,784,782,760,724,706,708,710,742,748,756,730,734,740,716,724,728,738,702,672,666,644,660,732,748,768,742,738,736,712,706,666,662,670,706,722,762,784,806,746,740,716,714,710,732,716,688,710,722,738,706,716,718,732,692,684,702,730,716,692,716,430,,,,,,,,,,,,,,,,,,,,,,,,,,,,,,,,,,,,,,,,,,,,,,,,,,,,,,,,,,,,,,,,,,,,,,,,,,,,,,,,,,,,,,,,,,,,,,,,,,,,,,,,,,,,,,,,,,,,,,,,,,,,,,,,,,,,,,,,,,,,,,,,,,,,,,,,,,,,,,,,,,,,,,,,,,,,,,,,,,,,,,,,,,,,,,,,,,,,,,
sub_11,stress,784,816,858,922,810,742,734,738,776,784,802,810,792,788,790,786,760,784,748,758,710,762,770,716,722,710,746,710,702,726,732,706,668,648,638,662,688,710,784,938,1000,924,892,884,778,718,678,672,668,720,730,794,818,810,812,756,722,700,690,704,754,736,712,688,746,706,694,760,724,730,718,698,712,684,666,682,650,736,746,716,788,746,704,774,742,722,696,682,708,680,650,670,664,668,716,732,744,704,700,818,736,696,746,728,696,694,714,686,706,688,694,680,654,636,672,692,696,722,688,684,728,750,680,644,674,696,678,664,676,682,668,684,656,674,680,702,682,692,690,670,658,646,644,632,624,654,638,666,664,650,644,610,616,610,614,634,640,644,664,680,690,656,634,666,682,686,658,612,620,624,620,634,640,644,664,636,634,684,680,666,680,716,704,678,648,656,676,684,658,660,680,708,696,678,698,716,688,656,664,678,692,682,694,742,830,842,794,776,724,670,660,632,620,628,664,742,726,744,840,824,722,718,730,750,714,702,722,746,738,736,748,690,702,704,690,670,662,692,708,704,694,710,708,692,672,674,660,710,854,876,798,832,868,852,786,748,740,734,708,644,656,648,658,702,700,680,684,680,698,668,684,700,704,702,732,746,762,740,798,828,822,768,760,766,764,726,674,658,670,646,670,698,760,730,710,750,788,754,696,676,684,706,754,750,734,722,714,674,656,678,664,666,698,758,720,700,728,738,740,684,670,680,688,672,658,660,696,720,684,698,694,676,654,650,660,658,670,686,736,782,810,778,760,764,738,670,658,652,642,654,752,722,728,758,662,636,600,638,604,596,590,618,626,618,604,610,598,604,586,604,642,650,664,680,708,692,688,714,706,694,664,676,688,714,720,732,690,752,788,786,710,702,722,752,768,726,816,820,844,794,776,780,766,758,766,782,744,748,780,784,738,708,714,704,656,646,662,682,,,,,,,,,,,,,,,,,,,,,,,,,,,,,,,,,,,,,,,,,,,,,,,,,,,,,,,,,,,,,,,,,,,,,,,,,,,,,,,,,,,,,,,,,,,,,,,,,,,,,,,,,,,,,,,,,,,,,,,,,,,,,,,,,,,,,,,,,,,,,,,,,,,,,,,,,,,,,,,,,,,,,,,,,,,,,,,,,,,,,,,,,,,,,,,,,,,,,,,,,,,,,,,,,,,,,,,,,,,,,,,,,,,,,,,,,,,,,,,,,,,,,,,,,,,,,,,,,,,,,,,,
sub_12,stress,762,786,808,792,728,782,648,882,758,792,738,734,758,454,272,684,724,746,768,774,770,790,806,790,760,786,794,792,772,808,818,842,712,774,778,712,758,784,782,770,796,802,760,764,766,742,744,798,830,790,792,844,826,790,812,852,752,788,778,736,762,820,774,752,784,810,774,782,794,786,766,806,790,756,786,804,786,782,788,762,738,772,776,750,764,786,750,772,778,752,734,682,736,706,694,736,782,740,446,380,540,326,570,774,694,768,816,798,784,792,796,818,748,782,744,792,778,806,786,792,806,810,784,788,782,794,726,784,656,702,718,706,744,736,748,730,662,800,738,726,762,756,784,798,794,804,888,702,768,776,770,786,792,782,790,798,774,790,720,792,766,694,706,738,730,720,764,762,782,760,764,778,796,754,786,766,754,746,732,750,768,766,756,760,782,846,664,684,756,776,722,734,718,692,686,746,706,734,704,702,808,764,874,712,760,664,398,482,768,740,768,802,768,862,832,734,826,774,806,828,796,784,786,630,900,784,790,762,750,746,760,790,796,806,814,796,800,796,788,784,786,760,758,766,800,772,744,774,756,724,756,734,756,758,760,728,746,752,756,766,742,750,762,764,760,750,772,756,752,764,768,714,708,722,766,756,742,710,728,696,698,704,686,702,738,736,760,770,774,762,792,794,784,770,816,778,736,748,734,776,782,790,802,782,778,786,792,758,764,784,782,762,768,792,788,772,786,788,784,744,772,776,754,802,798,764,776,804,794,746,770,748,758,796,754,778,816,776,758,454,336,734,850,752,792,740,796,766,788,744,780,800,768,726,748,804,826,808,764,804,818,758,738,798,826,932,888,830,772,812,816,826,798,832,884,838,820,814,780,868,876,820,702,700,724,766,824,850,802,840,850,816,790,802,812,808,798,786,798,738,700,708,722,754,778,728,752,762,770,740,736,732,750,732,744,716,698,712,764,780,788,762,738,736,718,748,778,798,808,814,828,810,826,782,772,782,796,782,774,806,794,796,778,742,784,728,784,778,748,768,792,750,766,794,782,758,760,796,798,742,732,716,782,792,794,844,778,734,748,768,740,712,706,686,720,740,766,788,792,790,768,728,788,766,780,772,788,786,782,796,792,760,772,824,768,786,814,770,754,766,762,748,782,788,770,798,736,706,676,708,766,712,694,776,792,780,788,810,830,814,808,820,800,792,784,810,800,750,802,718,776,732,808,726,722,762,790,774,762,790,786,740,772,782,784,766,798,794,788,816,762,810,786,800,788,742,748,718,754,762,756,664,758,732,828,748,710,752,736,726,720,714,726,702,722,748,726,634,718,694,672,664,722,686,,,,,,,,,,,,,,,,,,,,,,,,,,,,,,,,,,,,,,,,,,,,,,,,,,,,,,,,,,,,,,,,,,,,,,,,,,,,,,,,,,,,,,,,,,,,,,,,,,
sub_13,stress,572,544,538,558,556,544,534,554,568,576,566,546,562,572,564,544,566,588,576,566,560,556,552,564,546,550,572,580,558,552,580,602,584,590,620,622,582,586,616,614,578,580,604,628,596,616,658,680,642,672,702,664,656,686,682,620,614,628,610,574,610,680,662,758,820,778,750,760,682,678,686,632,640,660,632,650,670,632,636,660,648,622,628,640,660,686,696,628,642,634,598,626,654,626,658,726,674,722,758,710,720,744,688,694,732,682,636,662,660,620,640,668,642,662,722,684,652,688,728,700,668,670,640,624,650,666,640,684,742,700,736,766,690,682,684,632,634,658,618,634,672,648,622,682,652,682,706,654,668,706,632,628,648,646,612,596,632,644,620,644,684,700,646,654,676,628,640,672,656,612,632,658,644,606,636,692,706,680,718,710,656,682,686,626,628,640,604,622,680,686,654,710,740,724,754,728,710,716,670,636,616,586,574,580,552,564,588,596,582,608,646,620,612,630,650,608,618,636,634,596,604,614,590,578,630,650,600,604,630,632,596,610,640,658,626,632,644,598,606,624,604,590,604,630,626,638,672,664,600,570,604,650,720,772,806,734,726,704,678,674,680,678,682,642,684,746,720,738,780,704,702,726,704,658,676,706,686,644,670,680,632,654,676,642,634,650,644,610,634,654,628,638,668,614,616,646,620,616,640,610,626,674,678,676,710,698,682,688,636,654,630,612,638,662,632,682,706,648,664,686,648,668,646,622,646,650,606,618,648,650,608,614,630,590,600,630,626,592,594,602,572,592,620,612,588,566,544,532,546,556,566,544,554,576,554,564,590,600,574,582,610,602,606,636,650,602,608,620,606,568,562,578,568,558,590,650,648,666,688,692,642,660,674,630,620,630,594,592,616,620,582,592,622,590,594,646,682,640,634,654,670,634,628,630,598,608,602,570,584,602,584,600,622,610,638,662,628,630,658,612,634,614,598,624,640,604,608,598,572,562,564,544,552,570,546,558,584,586,576,604,628,600,638,656,604,612,632,608,620,664,660,652,696,634,660,670,632,608,620,622,582,596,632,636,642,682,662,648,658,612,632,650,636,618,644,640,592,612,600,550,548,560,590,628,668,628,630,672,704,718,670,668,674,664,654,600,602,610,580,596,636,640,664,702,742,748,758,704,684,674,692,716,672,678,706,696,628,618,624,614,584,596,638,700,734,760,732,754,764,722,732,754,738,670,674,690,692,,,,,,,,,,,,,,,,,,,,,,,,,,,,,,,,,,,,,,,,,,,,,,,,,,,,,,,,,,,,,,,,,,,,,,,,,,,,,,,,,,,,,,,,,,,,,,,,,,,,,,,,,,,,,,,,,,,,,,,,,,,,,,,,,,,,,,,,,,,,,,,,,
sub_14,stress,746,772,738,728,770,822,782,708,726,768,754,710,688,708,740,750,708,712,750,784,744,730,692,660,666,662,720,760,720,660,662,686,708,726,680,682,710,762,836,802,720,726,762,812,790,754,730,740,722,708,694,668,636,630,652,688,750,764,808,850,846,826,808,820,802,794,786,744,730,716,726,798,794,790,750,760,824,870,874,860,834,792,768,774,770,748,728,762,758,746,750,760,778,756,734,654,640,636,692,736,790,806,800,802,800,782,762,740,730,732,730,744,746,754,738,732,696,702,704,688,690,674,664,716,780,794,752,736,742,748,712,668,664,648,624,638,654,656,672,668,662,684,694,724,750,708,676,712,740,766,706,654,662,672,708,718,684,662,702,688,708,716,674,642,636,632,666,728,754,736,716,694,706,686,654,668,712,762,764,712,698,740,768,732,686,704,722,744,750,748,744,690,662,678,698,700,702,740,738,726,732,750,774,730,700,720,724,708,672,664,694,714,712,666,654,656,686,720,710,732,748,742,722,692,676,662,684,678,650,628,644,684,716,750,730,692,664,672,692,688,680,652,658,644,652,650,672,666,682,686,692,664,652,658,672,708,722,710,708,740,718,716,722,720,732,718,696,714,668,642,634,654,698,722,720,704,726,766,796,810,766,700,674,652,622,630,604,616,638,676,716,744,754,750,738,740,728,680,654,652,682,710,738,720,668,666,682,708,710,688,670,676,696,718,694,652,640,660,676,670,702,666,650,672,658,660,678,674,686,662,630,636,648,666,692,670,672,692,730,726,730,702,688,676,664,674,654,644,648,658,636,642,670,686,712,740,762,766,740,716,690,670,630,608,600,604,614,650,716,738,754,744,682,686,734,810,750,704,648,624,612,582,600,566,574,558,554,546,548,556,572,602,622,674,680,608,622,616,626,654,722,790,834,758,780,752,712,762,836,860,850,792,806,856,,,,,,,,,,,,,,,,,,,,,,,,,,,,,,,,,,,,,,,,,,,,,,,,,,,,,,,,,,,,,,,,,,,,,,,,,,,,,,,,,,,,,,,,,,,,,,,,,,,,,,,,,,,,,,,,,,,,,,,,,,,,,,,,,,,,,,,,,,,,,,,,,,,,,,,,,,,,,,,,,,,,,,,,,,,,,,,,,,,,,,,,,,,,,,,,,,,,,,,,,,,,,,,,,,,,,,,,,,,,,,,,,,,,,,,,,,,,,,,,,,,,,,,,,,,,,,,,,,,,,,,,,,,,
sub_15,stress,832,834,826,754,752,768,756,770,748,718,738,720,674,692,722,674,688,716,710,666,674,708,696,660,642,660,654,642,634,660,676,684,648,658,686,672,636,660,702,684,638,670,734,700,636,686,718,662,652,666,676,696,666,660,682,674,698,666,686,716,706,698,682,670,640,620,650,690,736,682,706,730,728,676,680,704,708,686,720,748,768,782,784,764,702,696,712,688,654,622,664,802,856,870,866,830,856,832,784,800,778,812,810,778,696,694,688,656,682,762,742,728,774,758,732,756,758,744,748,706,698,742,740,720,732,764,776,736,780,784,732,692,694,774,754,732,720,774,744,732,762,702,708,738,752,714,704,744,702,706,726,730,708,758,772,718,714,750,732,686,700,710,694,672,698,742,708,704,712,718,684,668,708,716,680,716,728,700,692,744,706,660,690,736,710,696,710,720,688,728,760,732,740,762,722,678,694,732,734,682,700,728,702,672,682,720,688,712,782,770,674,726,708,668,666,688,678,656,692,716,694,686,738,722,666,664,700,690,652,670,702,672,666,678,712,670,668,684,708,660,636,658,674,658,650,694,688,664,656,724,744,708,718,724,688,676,678,690,672,640,646,678,714,716,674,702,740,696,668,700,698,660,662,674,658,646,634,668,670,668,642,688,708,656,636,660,676,656,660,678,664,642,638,662,642,660,664,708,666,642,666,634,626,656,650,640,636,688,716,684,646,650,652,636,606,612,650,648,696,682,668,718,690,646,644,650,648,630,614,636,650,642,606,632,622,606,596,608,632,606,588,596,600,598,590,584,592,600,582,596,612,614,598,574,584,586,578,564,574,592,594,582,598,612,594,586,600,598,588,640,580,576,568,548,572,596,610,608,622,628,626,610,604,606,604,580,596,584,596,582,568,588,584,602,604,564,584,600,622,562,612,668,658,630,612,624,664,654,624,634,656,674,670,662,678,706,676,656,672,686,654,652,662,652,642,656,620,622,650,722,746,668,664,674,676,644,632,644,674,702,672,696,704,746,690,670,702,714,690,658,698,708,684,662,676,702,674,638,666,692,678,646,738,696,660,682,696,712,678,676,692,694,666,646,706,726,682,702,776,756,702,680,700,688,654,668,688,680,656,692,708,670,654,684,672,638,650,664,658,628,622,652,638,632,650,694,722,670,638,656,644,630,626,644,658,634,624,658,662,648,660,666,686,650,622,642,622,616,624,686,672,674,698,738,674,676,714,696,668,662,686,672,722,766,708,704,740,754,696,712,722,694,714,760,778,728,710,700,656,672,696,726,680,676,700,660,648,694,708,678,688,718,728,708,728,762,744,694,684,608,,,,,,,,,,,,,,,,,,,,,,,,,,,,,,,,,,,,,,,,,,,,,,,,,,,,,,,,,,,,,,,,,,,,,,,,,,,,,,,,,,,,,,,,,,,,,,,,,,,,,,
sub_16,stress,562,556,570,574,546,580,556,562,570,552,562,554,556,546,568,578,584,560,562,566,568,566,576,600,590,592,616,602,590,614,608,594,596,610,598,582,576,604,556,584,606,584,574,576,570,578,584,570,584,560,552,572,558,554,578,580,576,574,596,586,570,582,568,540,560,570,576,556,568,566,552,566,530,524,556,558,548,564,580,570,574,578,582,572,562,548,542,540,542,546,538,518,516,494,514,522,506,524,516,538,542,558,574,554,556,620,606,604,588,626,480,568,518,524,526,538,550,568,594,602,604,646,670,634,656,624,618,640,614,604,596,598,584,594,572,574,584,560,558,562,552,550,560,536,558,564,552,550,586,580,576,598,602,582,574,594,582,576,592,604,582,568,576,560,554,568,550,554,552,542,552,548,544,552,536,534,540,552,548,552,514,526,524,552,566,584,586,564,558,564,558,552,570,590,568,574,586,582,578,594,602,590,598,618,596,580,574,572,562,574,572,558,560,578,574,568,590,582,584,564,550,552,564,562,556,586,610,596,574,596,574,558,582,580,570,556,554,548,554,562,578,586,582,564,576,590,582,560,564,576,582,572,570,582,566,558,574,570,552,554,558,552,558,582,594,592,594,608,588,576,582,566,544,546,540,534,530,544,566,570,566,582,568,556,566,570,552,544,548,552,554,562,564,552,556,554,556,570,588,562,548,554,542,536,532,534,532,536,560,562,550,552,564,548,564,560,558,560,556,542,548,550,544,540,546,542,538,548,540,524,536,532,538,544,562,568,560,568,552,550,562,556,538,560,550,532,526,530,520,522,520,528,522,532,548,558,560,570,564,560,548,552,536,530,542,530,524,536,532,530,536,548,534,546,528,526,512,508,518,470,490,516,484,504,502,500,498,512,510,508,528,526,522,526,514,506,494,492,482,488,494,500,502,512,524,510,514,524,532,538,540,560,552,542,540,544,560,552,548,556,570,560,572,584,566,554,566,560,564,566,556,564,566,556,564,572,568,560,572,568,554,556,546,540,534,544,550,548,554,556,550,544,554,546,538,558,556,508,568,588,480,558,540,532,514,540,532,538,516,530,538,520,528,514,536,532,550,564,552,548,570,572,562,572,580,576,562,566,556,532,516,536,526,534,540,546,564,580,566,590,598,584,576,608,600,572,584,582,568,594,614,636,616,574,584,556,564,568,570,562,560,584,580,578,594,596,588,576,570,568,570,564,544,560,552,546,558,556,562,556,564,570,566,558,566,556,564,540,558,552,530,864,518,310,422,568,556,,,,,,,,,,,,,,,,,,,,,,,,,,,,,,,,,,,,,,,,,,,,,,,,,,,,,,,,,,,,,,,,,,,,,,,,,,,,,,,,,,,,,,,,,,,,,,,,,,,,,,,,,,,,,,,,,,,,,,,,,,,,,
sub_17,stress,684,668,660,650,636,638,674,700,702,676,718,696,646,626,616,660,596,606,622,698,724,682,680,676,664,636,616,632,638,630,622,642,652,640,632,642,652,622,606,630,592,588,596,582,580,550,556,580,648,694,666,654,644,670,642,608,638,698,660,668,632,740,670,682,674,694,670,652,628,640,626,612,600,656,690,682,696,722,718,674,648,660,630,602,608,634,644,640,630,654,658,628,624,656,610,616,628,626,604,608,630,614,588,608,616,584,612,626,614,602,618,636,630,624,662,682,620,592,710,602,646,738,566,692,660,518,596,606,616,620,594,612,634,712,742,692,720,714,688,666,684,662,628,584,618,592,666,716,704,686,674,646,626,600,590,582,580,572,580,590,610,630,618,614,630,622,606,600,602,600,582,586,594,584,602,610,604,592,586,594,590,568,578,584,562,580,584,586,542,560,570,536,572,576,578,604,624,630,600,580,642,608,640,616,658,648,642,660,598,620,644,560,624,668,644,648,688,656,708,572,664,632,638,592,616,632,612,680,646,674,1268,760,596,634,620,622,600,592,618,608,604,634,658,624,640,642,636,606,616,630,638,612,628,632,654,642,598,654,614,602,630,580,590,632,598,626,648,640,598,592,606,590,604,614,616,646,636,618,654,650,652,612,626,664,632,616,640,628,588,618,598,634,632,642,632,638,660,600,634,642,616,606,608,628,616,598,634,608,624,604,678,568,612,598,600,588,594,590,586,608,606,604,588,610,698,616,692,594,652,636,624,612,630,634,624,608,648,618,610,658,634,638,1246,748,470,572,592,586,562,568,588,630,636,618,622,600,592,644,1170,704,460,588,564,590,500,1150,1142,686,502,594,1156,694,532,1088,652,480,522,550,530,1060,638,394,526,596,466,548,1110,668,484,542,614,574,592,576,586,598,590,580,618,600,588,596,554,556,642,562,628,610,714,536,724,596,588,592,600,626,622,552,644,664,720,648,654,652,608,612,610,602,610,606,638,678,742,622,634,688,716,624,664,622,630,664,698,714,766,796,778,716,728,732,684,688,662,692,696,636,668,688,726,710,692,804,626,686,,,,,,,,,,,,,,,,,,,,,,,,,,,,,,,,,,,,,,,,,,,,,,,,,,,,,,,,,,,,,,,,,,,,,,,,,,,,,,,,,,,,,,,,,,,,,,,,,,,,,,,,,,,,,,,,,,,,,,,,,,,,,,,,,,,,,,,,,,,,,,,,,,,,,,,,,,,,,,,,,,,,,,,,,,,,,,,,,,,,,,,,,,,,,,,,,,,,,,,,,,,,,,,,,,,,,,,,,,
sub_18,stress,658,694,636,600,628,678,706,732,640,606,630,680,686,634,652,722,702,626,654,688,640,598,632,688,740,754,684,652,680,684,650,660,726,818,842,808,766,644,594,588,558,632,734,750,784,792,830,786,748,760,682,648,636,682,766,778,800,754,648,650,636,622,652,712,726,642,602,588,600,634,692,686,698,660,708,740,752,702,746,756,702,690,714,692,638,634,690,644,610,606,638,670,624,634,664,694,698,674,618,610,624,662,702,646,658,694,716,654,630,626,608,632,666,720,662,644,662,648,624,630,692,786,782,646,618,640,668,640,632,652,692,766,778,776,680,670,688,712,724,732,670,606,626,696,740,722,650,652,680,716,658,602,670,760,784,772,768,744,710,708,716,714,752,748,732,660,656,682,704,644,660,722,618,620,606,618,664,652,590,588,624,686,716,694,644,604,624,654,750,776,682,640,672,712,636,590,616,648,664,644,612,652,764,818,742,652,670,724,768,664,666,710,722,740,670,658,672,606,570,594,608,648,700,716,706,694,678,670,654,648,598,566,560,574,632,744,798,760,654,676,708,736,734,650,596,616,642,722,742,692,646,696,738,750,676,730,816,820,676,618,624,674,668,678,708,730,674,646,636,618,594,628,686,760,812,756,746,724,694,626,604,646,750,818,774,700,748,756,684,646,716,738,684,688,742,696,698,748,800,822,700,720,756,762,676,628,664,738,828,770,656,658,690,764,776,674,650,688,720,748,648,636,680,714,666,660,740,790,714,698,754,804,784,788,796,724,626,624,654,708,642,582,602,630,702,718,744,756,768,756,740,712,652,602,586,612,656,698,640,622,658,732,756,730,720,612,594,600,618,650,668,660,594,582,592,638,632,612,602,648,692,696,630,618,652,672,656,608,584,598,624,656,702,652,602,596,626,718,722,672,620,644,686,682,706,612,594,614,636,664,690,644,594,598,626,680,706,728,752,712,630,626,648,684,694,684,664,608,594,620,702,776,678,662,706,724,636,662,660,616,572,584,604,654,712,692,622,628,674,704,710,642,676,,,,,,,,,,,,,,,,,,,,,,,,,,,,,,,,,,,,,,,,,,,,,,,,,,,,,,,,,,,,,,,,,,,,,,,,,,,,,,,,,,,,,,,,,,,,,,,,,,,,,,,,,,,,,,,,,,,,,,,,,,,,,,,,,,,,,,,,,,,,,,,,,,,,,,,,,,,,,,,,,,,,,,,,,,,,,,,,,,,,,,,,,,,,,,,,,,,,,,,,,,,,,,,,,,,,,,,,,,,,,,,,,,,,,
sub_19,stress,580,566,576,598,624,616,608,614,616,606,594,602,614,606,596,592,588,586,574,572,586,604,608,612,632,620,618,608,594,590,588,576,572,570,572,586,582,590,596,614,604,598,602,598,576,584,574,564,566,568,566,572,584,588,582,584,592,576,578,576,572,564,562,550,544,550,566,578,576,574,578,570,560,568,570,564,562,566,556,558,562,552,562,564,566,564,568,574,570,560,554,574,560,562,582,594,596,594,608,602,600,596,586,590,588,576,572,566,562,568,574,578,596,612,604,598,602,606,584,580,568,560,552,562,576,578,594,628,626,620,630,618,600,592,572,560,558,556,574,588,620,632,652,632,614,610,596,586,588,578,572,564,556,562,568,566,568,584,578,564,570,574,558,588,580,566,568,578,586,576,572,580,582,568,562,564,566,560,574,600,604,594,588,584,582,574,586,580,574,578,568,562,554,550,538,540,558,566,568,582,590,582,574,584,572,570,572,570,560,558,560,554,556,566,576,570,564,574,578,564,558,556,554,548,540,552,570,562,564,582,590,592,604,592,582,580,582,568,558,556,558,580,592,596,600,610,602,600,584,568,560,548,544,536,530,538,548,574,592,594,582,600,588,570,574,584,574,568,574,578,580,576,586,594,592,572,564,572,558,548,556,562,570,572,574,580,574,576,570,568,566,564,570,568,570,578,588,578,570,576,564,556,568,594,596,614,632,600,592,602,594,580,568,566,558,552,560,570,576,596,594,590,588,580,574,568,552,550,552,524,536,526,530,534,554,548,550,564,582,596,584,580,586,582,576,572,562,552,544,534,552,560,570,590,616,606,608,588,576,574,582,588,580,594,588,576,580,578,568,560,544,536,540,528,526,536,550,548,574,614,630,634,628,610,594,596,572,562,560,566,562,558,568,566,560,574,580,578,584,572,568,562,554,564,558,566,576,570,584,596,588,586,596,574,566,542,548,554,556,554,566,584,582,590,604,590,586,580,562,558,546,548,558,564,572,592,622,618,608,606,582,580,574,564,556,548,550,542,538,546,544,540,554,534,540,550,540,,,,,,,,,,,,,,,,,,,,,,,,,,,,,,,,,,,,,,,,,,,,,,,,,,,,,,,,,,,,,,,,,,,,,,,,,,,,,,,,,,,,,,,,,,,,,,,,,,,,,,,,,,,,,,,,,,,,,,,,,,,,,,,,,,,,,,,,,,,,,,,,,,,,,,,,,,,,,,,,,,,,,,,,,,,,,,,,,,,,,,,,,,,,,,,,,,,,,,,,,,,,,,,,,,,,,,,,,,,,,,,,,
sub_20,stress,256,502,302,504,302,518,732,760,818,842,766,784,840,820,812,770,730,690,728,780,832,704,708,776,814,764,756,794,810,758,788,824,832,828,852,682,704,730,718,758,688,670,712,744,792,844,830,790,814,824,746,760,808,820,692,712,770,802,842,872,886,862,874,884,828,788,806,842,798,734,762,752,750,718,684,710,760,812,778,810,732,674,734,806,830,824,770,792,820,752,746,810,832,754,782,820,810,782,814,848,818,844,842,808,830,842,814,744,696,754,792,794,776,790,754,714,756,778,866,654,716,762,700,702,730,770,748,742,774,698,714,734,718,736,774,702,728,686,676,706,726,740,738,764,792,678,696,756,782,786,798,814,762,720,742,756,754,774,822,826,800,688,702,710,722,772,784,778,816,822,790,812,816,804,836,778,770,790,664,674,744,796,774,784,798,784,778,754,734,730,706,710,722,740,708,648,640,682,716,780,692,686,734,776,802,804,826,802,776,772,784,802,808,728,706,780,812,742,698,740,766,784,796,782,774,750,764,782,796,756,676,678,692,668,648,674,724,722,714,740,734,766,786,686,700,768,774,752,790,722,712,768,750,706,728,766,752,750,774,772,740,772,760,792,826,720,796,768,780,786,718,700,690,696,658,702,724,676,666,660,632,658,718,782,788,748,786,808,730,738,778,814,828,838,860,800,754,774,786,720,744,718,722,764,814,796,748,792,816,798,762,764,786,766,778,788,794,732,750,794,770,768,810,856,754,740,794,776,774,708,706,746,786,702,640,720,802,836,798,766,688,700,748,714,736,778,828,816,844,860,814,776,738,778,832,770,772,802,800,724,750,764,768,804,762,758,792,814,732,694,722,756,778,776,758,768,788,802,806,822,802,800,784,766,798,800,,,,,,,,,,,,,,,,,,,,,,,,,,,,,,,,,,,,,,,,,,,,,,,,,,,,,,,,,,,,,,,,,,,,,,,,,,,,,,,,,,,,,,,,,,,,,,,,,,,,,,,,,,,,,,,,,,,,,,,,,,,,,,,,,,,,,,,,,,,,,,,,,,,,,,,,,,,,,,,,,,,,,,,,,,,,,,,,,,,,,,,,,,,,,,,,,,,,,,,,,,,,,,,,,,,,,,,,,,,,,,,,,,,,,,,,,,,,,,,,,,,,,,,,,,,,,,,,,,,,,,,,,,,,,,,,,,,,,,,,,,,,,,,,,,,,,,,,
sub_21,stress,630,622,602,586,594,600,602,600,598,608,630,618,606,610,624,626,614,604,600,602,586,578,574,590,624,648,630,636,648,642,630,610,614,610,588,584,580,590,616,618,608,606,628,642,624,610,608,612,600,590,582,584,580,576,592,616,604,596,594,600,588,578,580,582,576,570,582,604,594,584,588,596,590,586,574,580,586,592,586,584,582,580,578,584,608,624,618,608,606,618,604,600,576,580,572,560,556,560,548,566,560,570,558,582,614,630,632,636,624,604,608,586,582,588,606,602,596,590,586,574,564,562,564,580,584,572,564,574,592,594,622,642,626,610,598,608,610,592,584,602,598,594,608,618,608,594,606,620,616,606,594,604,590,584,572,588,608,622,618,602,614,606,598,602,584,574,566,580,612,622,610,600,602,622,610,586,570,566,568,576,582,588,608,612,618,632,630,612,610,590,580,564,570,568,566,604,672,662,638,626,634,632,626,618,612,594,572,568,566,560,568,586,620,636,640,624,630,642,626,620,628,626,614,598,594,582,570,572,576,584,608,612,622,612,614,600,590,598,592,584,578,580,576,588,600,608,620,612,610,588,592,584,568,570,560,570,576,572,586,590,574,576,560,566,558,542,556,566,590,622,646,650,640,622,606,598,596,578,574,562,564,570,580,602,630,636,644,648,652,640,628,624,602,582,580,570,574,576,574,582,600,592,584,590,588,580,594,578,572,562,568,572,568,582,550,572,574,546,556,540,538,544,552,558,552,542,540,552,562,588,600,582,566,570,586,580,578,560,562,566,570,578,576,570,594,616,638,614,600,602,608,616,600,582,568,572,580,574,590,614,618,616,634,656,636,616,596,600,578,564,556,566,600,622,628,642,668,670,650,636,640,638,614,594,590,580,576,568,572,606,600,608,600,612,602,600,592,590,576,568,566,570,568,562,566,590,612,608,588,584,596,598,584,572,560,562,556,554,550,562,584,590,594,598,614,608,598,594,598,612,592,576,558,554,564,568,564,576,572,592,614,608,592,584,588,572,562,552,546,550,552,568,588,606,594,590,596,578,572,562,560,536,522,530,508,520,538,540,542,546,564,582,568,554,562,552,554,550,566,588,596,598,610,624,600,588,578,566,560,568,594,604,596,610,626,620,608,594,590,584,582,578,592,614,618,608,600,602,610,596,588,580,572,584,578,588,604,602,592,596,560,556,546,550,554,556,554,568,598,632,638,620,628,624,602,586,588,582,584,574,576,588,610,638,630,624,636,634,616,604,594,596,580,572,,,,,,,,,,,,,,,,,,,,,,,,,,,,,,,,,,,,,,,,,,,,,,,,,,,,,,,,,,,,,,,,,,,,,,,,,,,,,,,,,,,,,,,,,,,,,,,,,,,,,,,,,,,,,,,,,,,,,,,,,,,,,,,,
sub_22,stress,614,570,566,618,630,592,570,602,674,694,644,590,556,654,678,594,566,626,638,584,582,676,652,594,628,718,652,586,592,640,598,566,600,622,570,552,632,624,564,608,708,696,586,528,536,566,594,586,600,594,546,634,734,768,696,648,746,722,638,588,624,590,564,590,656,610,576,614,692,622,568,686,676,602,568,620,670,602,566,634,710,650,636,784,716,626,674,680,614,572,636,662,602,560,590,650,606,588,642,624,564,556,600,588,558,606,592,546,544,606,588,554,592,654,586,554,512,1082,650,392,532,568,554,530,506,496,550,596,628,624,584,574,604,644,614,566,546,630,628,570,548,590,598,554,534,650,708,646,566,526,532,580,574,582,564,542,546,648,680,620,570,588,626,586,566,610,654,606,570,590,624,598,564,534,520,512,562,566,536,512,516,540,532,534,608,636,586,558,638,604,552,544,566,586,552,542,614,598,558,542,578,592,556,544,604,658,630,578,590,640,588,562,598,610,570,558,620,588,554,594,610,566,544,590,588,548,534,556,570,546,544,552,564,546,540,596,554,540,548,584,594,560,538,570,586,558,532,544,624,642,606,572,616,634,622,578,570,606,574,554,546,574,558,540,588,572,538,522,550,604,584,568,552,556,632,670,614,590,692,644,580,608,636,592,568,586,636,598,576,594,608,606,580,642,646,602,578,632,634,588,562,610,644,602,618,666,688,622,602,646,618,580,598,632,596,580,632,650,610,582,640,594,578,610,618,576,580,610,574,550,576,568,554,574,600,580,552,584,598,574,560,596,662,676,616,576,570,620,582,550,538,578,598,564,552,618,630,578,562,612,596,564,556,572,552,534,558,538,514,516,510,568,584,568,548,534,538,562,554,532,516,518,498,496,534,532,516,504,522,558,570,546,518,560,604,616,588,620,694,674,604,574,584,606,566,544,562,582,552,530,556,580,560,546,606,594,556,548,606,598,556,536,562,564,542,524,516,574,582,544,518,514,520,514,518,590,634,620,588,618,672,642,622,638,674,656,632,656,602,570,582,624,592,566,642,660,600,598,556,558,552,570,566,548,550,600,574,618,648,620,610,656,580,578,588,626,584,574,614,592,562,558,544,542,572,548,522,,,,,,,,,,,,,,,,,,,,,,,,,,,,,,,,,,,,,,,,,,,,,,,,,,,,,,,,,,,,,,,,,,,,,,,,,,,,,,,,,,,,,,,,,,,,,,,,,,,,,,,,,,,,,,,,,,,,,,,,,,,,,,,,,,,,,,,,,,,,,,,,,,,,,,,,,,,,,,,,,,,,,,,,,,,,,,,,,,,,,,,,,,,,,,,,,,,
sub_23,stress,716,738,724,682,674,684,658,676,686,666,694,730,736,738,774,748,710,696,698,680,682,720,738,710,740,766,756,736,756,738,692,704,740,716,740,772,774,728,724,722,696,688,724,744,722,720,730,708,688,726,744,710,744,724,778,816,752,756,750,700,696,718,748,696,694,710,688,692,746,784,750,812,830,784,842,846,770,748,752,702,740,766,760,734,810,816,776,796,802,744,760,776,736,754,796,780,806,834,790,776,782,736,732,784,802,752,788,802,766,794,820,774,758,788,786,754,792,788,740,768,738,790,806,752,778,786,728,714,736,772,728,760,774,736,754,804,832,770,772,786,726,712,730,704,706,744,762,716,728,722,694,692,728,776,728,752,780,716,730,770,698,716,744,688,712,706,670,684,652,648,660,676,660,688,720,698,672,682,698,684,690,734,740,796,838,794,784,780,718,728,760,730,754,796,768,786,796,754,752,782,766,734,772,770,718,722,742,724,694,712,710,680,664,688,732,702,750,808,784,788,798,744,734,740,716,686,708,750,724,712,734,710,672,638,652,688,734,772,750,754,752,728,714,700,702,684,710,732,742,740,756,728,718,738,762,732,762,778,728,740,758,722,704,712,710,694,718,736,728,752,742,692,678,716,648,668,666,670,654,666,676,654,666,676,672,642,652,676,684,672,702,746,738,762,768,656,712,724,704,664,638,620,630,646,660,628,636,634,630,650,640,634,628,622,634,650,642,638,640,642,634,628,644,666,686,708,702,694,692,710,696,706,724,746,722,734,750,724,744,756,726,712,710,702,712,760,796,766,778,790,754,742,752,730,714,732,738,696,724,758,714,718,742,702,686,718,722,700,752,788,742,716,694,698,706,674,690,704,676,666,682,696,666,694,680,644,622,616,596,602,660,692,700,740,732,722,778,764,746,732,694,690,688,662,640,642,656,600,640,668,636,650,668,646,648,626,632,618,632,624,600,584,,,,,,,,,,,,,,,,,,,,,,,,,,,,,,,,,,,,,,,,,,,,,,,,,,,,,,,,,,,,,,,,,,,,,,,,,,,,,,,,,,,,,,,,,,,,,,,,,,,,,,,,,,,,,,,,,,,,,,,,,,,,,,,,,,,,,,,,,,,,,,,,,,,,,,,,,,,,,,,,,,,,,,,,,,,,,,,,,,,,,,,,,,,,,,,,,,,,,,,,,,,,,,,,,,,,,,,,,,,,,,,,,,,,,,,,,,,,,,,,,,,,,,,,,,,,,,,,,,,,
sub_24,stress,740,784,798,806,816,796,798,772,790,784,736,738,726,750,716,770,800,782,810,804,760,756,776,758,776,800,778,792,814,776,794,800,754,762,722,746,788,776,764,816,776,782,812,756,734,740,776,772,748,746,728,680,670,696,682,684,714,726,704,712,740,716,738,760,746,778,798,754,786,780,772,802,818,776,794,834,780,768,778,764,782,816,786,784,798,760,746,768,802,766,750,724,744,760,722,730,734,756,772,786,752,744,756,770,732,768,776,752,746,760,746,732,750,746,732,748,762,730,736,762,750,768,786,744,752,766,726,720,746,742,706,722,750,722,754,774,756,762,770,736,738,774,740,736,760,780,744,766,784,742,800,798,744,732,724,796,764,730,738,746,710,712,744,758,772,778,762,718,730,772,762,764,722,740,754,728,714,728,726,714,750,762,750,776,800,752,742,736,706,704,748,736,730,750,724,722,744,728,704,710,730,618,854,764,686,660,674,708,736,732,776,794,766,812,834,784,790,826,770,776,794,754,742,774,784,778,790,796,754,778,802,788,782,800,808,752,772,786,758,774,786,756,728,742,736,720,748,766,746,738,750,742,720,730,748,720,738,766,718,706,716,702,704,750,766,754,770,784,740,742,718,666,686,710,754,758,750,796,786,778,800,788,756,758,760,720,722,742,708,736,774,732,740,720,726,718,724,760,790,750,740,694,696,722,726,746,794,780,772,776,738,756,774,766,748,756,732,718,768,784,744,774,808,762,766,798,730,732,776,744,750,792,756,758,770,742,760,784,742,738,794,806,750,792,752,742,728,690,712,694,674,676,686,664,678,686,692,706,698,660,632,614,624,658,726,774,746,786,816,,,,,,,,,,,,,,,,,,,,,,,,,,,,,,,,,,,,,,,,,,,,,,,,,,,,,,,,,,,,,,,,,,,,,,,,,,,,,,,,,,,,,,,,,,,,,,,,,,,,,,,,,,,,,,,,,,,,,,,,,,,,,,,,,,,,,,,,,,,,,,,,,,,,,,,,,,,,,,,,,,,,,,,,,,,,,,,,,,,,,,,,,,,,,,,,,,,,,,,,,,,,,,,,,,,,,,,,,,,,,,,,,,,,,,,,,,,,,,,,,,,,,,,,,,,,,,,,,,,,,,,,,,,,,,,,,,,,,,,,,,,,,,,,,,,,,,,,,,,,,,,,,,,,,,,,,
sub_25,stress,660,640,662,676,660,626,624,628,600,604,612,588,600,626,614,602,638,654,612,624,630,600,606,622,610,622,652,646,618,638,600,608,590,612,660,652,728,762,698,692,646,626,620,594,588,626,592,566,606,602,584,592,622,590,596,624,618,614,624,632,606,620,626,612,626,592,598,626,646,616,636,650,618,616,618,610,600,616,622,598,612,592,596,620,608,606,596,582,592,596,576,584,596,640,490,626,624,608,622,626,600,584,588,578,566,572,592,590,580,604,644,626,664,616,610,618,584,632,570,612,608,600,602,662,624,654,660,612,606,572,592,552,554,536,546,548,562,558,544,556,564,544,556,564,570,556,558,564,558,556,566,570,558,572,596,586,592,624,614,606,620,590,596,584,622,658,638,614,616,624,590,602,610,580,596,604,586,576,584,572,594,646,630,728,714,696,678,684,552,332,318,612,594,596,602,578,590,616,596,604,612,596,590,612,606,604,612,598,594,614,616,586,600,610,590,592,626,608,628,626,596,574,586,558,564,580,572,570,586,612,568,592,580,566,552,570,590,578,596,602,582,586,602,604,580,588,586,566,564,570,568,558,580,592,568,562,582,562,572,584,574,584,592,574,576,582,566,568,580,578,568,582,616,620,654,666,628,638,642,608,596,604,570,566,572,548,564,580,570,566,584,592,576,578,596,582,594,566,562,574,566,594,720,742,808,768,688,708,676,620,602,574,568,530,532,544,540,534,558,556,570,604,606,582,592,600,578,590,618,598,590,606,588,594,604,578,596,610,632,650,604,602,606,584,598,584,572,584,590,572,586,606,580,586,648,610,608,606,628,584,578,580,558,564,590,572,580,590,574,582,594,578,598,606,590,608,624,592,580,594,566,560,580,554,568,574,612,574,580,594,576,590,610,586,578,586,576,554,560,564,548,558,564,552,578,590,568,584,600,580,590,582,558,568,552,536,550,568,572,564,578,598,576,586,588,566,560,564,558,552,570,574,558,598,610,596,628,644,612,630,624,584,600,542,568,564,552,564,602,632,592,612,636,600,604,614,582,578,590,574,584,612,604,624,640,600,626,630,590,596,612,586,582,596,592,576,600,620,600,618,638,602,612,610,584,598,622,604,594,632,638,594,626,654,614,640,628,594,600,594,574,578,596,580,600,616,588,594,614,590,594,598,580,578,586,584,564,582,616,592,584,616,614,580,578,580,560,562,574,564,562,572,580,566,582,604,580,600,620,610,594,618,600,574,576,590,572,584,594,570,572,594,596,612,568,652,648,516,586,580,570,544,524,314,252,308,252,364,252,410,252,410,252,392,610,592,588,582,588,,,,,,,,,,,,,,,,,,,,,,,,,,,,,,,,,,,,,,,,,,,,,,,,,,,,,,,,,,,,,,,,,,,,,,,,,,,,,,,,,,,,,,,,,,,,,,,,,,,,,,,
sub_26,stress,748,728,744,762,714,732,768,792,762,754,786,800,750,732,758,732,660,628,636,678,720,688,684,720,770,798,772,744,766,786,756,706,714,756,794,750,726,778,780,688,652,618,626,652,708,778,818,764,782,800,766,740,762,774,746,726,740,768,760,712,720,782,800,758,722,758,728,686,634,596,584,582,614,654,662,686,712,654,644,690,712,738,710,452,272,600,668,662,634,632,650,698,690,658,674,698,674,684,676,632,630,648,686,700,662,630,646,666,682,728,738,702,662,630,604,576,562,566,580,636,742,806,764,746,794,832,820,754,742,752,772,764,704,738,768,722,758,794,724,650,618,652,694,726,734,736,686,666,680,668,684,600,608,578,570,580,600,644,636,624,644,672,666,630,626,646,676,704,678,680,718,752,742,736,706,670,622,596,598,600,626,668,724,680,660,684,694,730,774,784,698,694,706,724,690,666,674,708,732,694,678,714,740,672,680,640,616,626,598,586,588,602,640,646,632,646,692,732,722,686,728,740,696,678,630,640,662,704,686,680,696,708,646,628,634,628,634,622,630,598,612,628,676,720,752,714,704,722,734,750,706,688,726,758,742,732,738,750,718,594,660,648,716,678,698,656,636,620,584,582,588,630,732,818,820,776,818,840,836,784,796,778,742,722,740,718,660,676,698,656,690,680,656,668,704,730,680,676,680,668,642,638,644,638,642,668,726,756,728,716,750,764,668,624,628,624,628,666,672,648,668,662,708,692,710,732,748,762,744,776,768,724,726,752,770,730,706,726,744,726,660,638,624,634,654,682,674,648,646,666,706,712,688,670,716,754,714,696,682,736,732,664,654,716,746,690,666,608,596,580,568,572,616,638,626,632,644,680,718,712,674,686,714,742,718,644,606,592,652,734,802,818,814,808,806,756,702,688,694,728,778,798,770,744,768,792,800,744,712,700,704,716,690,674,700,742,752,718,746,682,654,626,582,580,578,604,628,666,698,724,714,690,646,626,634,672,746,794,750,774,812,800,772,650,618,658,614,630,650,652,624,620,642,672,708,674,698,742,734,684,708,718,634,676,634,620,606,600,604,592,580,574,622,618,622,606,582,588,600,648,694,758,798,796,764,746,742,748,758,732,704,718,736,776,790,754,764,776,784,748,682,612,596,628,672,740,748,696,712,718,706,680,688,718,748,734,692,682,696,722,760,766,770,722,692,706,716,750,720,702,718,740,752,718,680,700,712,676,660,652,604,624,642,,,,,,,,,,,,,,,,,,,,,,,,,,,,,,,,,,,,,,,,,,,,,,,,,,,,,,,,,,,,,,,,,,,,,,,,,,,,,,,,,,,,,,,,,,,,,,,,,,,,,,,,,,,,,,,,,,,,,,,,,,,,,,,,,,,,,,,,,,,
sub_27,stress,850,796,816,846,804,802,818,814,824,782,780,812,822,806,780,742,734,826,890,820,770,868,846,820,834,782,774,792,800,786,802,822,818,786,812,830,818,810,782,792,810,816,782,792,824,830,840,848,834,824,812,828,778,746,808,772,766,812,820,780,828,846,862,874,832,814,836,806,802,848,850,838,846,860,812,822,840,828,820,836,818,836,834,826,820,836,830,792,780,804,822,794,820,836,820,816,826,804,808,796,788,782,790,806,804,810,804,826,794,812,832,798,800,828,832,794,798,778,756,752,776,804,792,776,790,820,778,776,810,834,800,826,840,854,846,872,860,826,840,818,822,836,846,834,846,858,826,838,842,786,778,808,778,762,790,744,750,762,754,784,774,786,806,776,750,800,806,810,820,822,842,850,798,788,768,774,800,794,768,804,822,834,802,812,814,838,830,822,830,842,824,806,814,782,776,800,820,782,808,820,814,796,806,786,804,810,776,788,804,768,780,804,824,774,754,728,746,788,762,792,812,838,800,786,780,796,808,786,798,824,800,826,840,848,858,838,820,846,850,820,786,760,770,796,770,780,784,800,810,798,812,828,802,792,810,816,786,800,786,772,776,756,772,788,794,752,762,796,818,846,804,714,720,754,782,794,746,778,736,756,786,774,780,776,786,812,802,794,800,804,806,794,790,796,836,844,828,816,824,792,742,758,798,738,754,786,746,764,790,802,776,794,820,836,806,794,824,820,802,794,816,792,762,728,760,768,782,774,752,744,748,756,780,764,780,804,808,788,814,806,792,760,784,760,786,766,798,760,774,760,748,768,780,758,776,784,760,768,766,792,,,,,,,,,,,,,,,,,,,,,,,,,,,,,,,,,,,,,,,,,,,,,,,,,,,,,,,,,,,,,,,,,,,,,,,,,,,,,,,,,,,,,,,,,,,,,,,,,,,,,,,,,,,,,,,,,,,,,,,,,,,,,,,,,,,,,,,,,,,,,,,,,,,,,,,,,,,,,,,,,,,,,,,,,,,,,,,,,,,,,,,,,,,,,,,,,,,,,,,,,,,,,,,,,,,,,,,,,,,,,,,,,,,,,,,,,,,,,,,,,,,,,,,,,,,,,,,,,,,,,,,,,,,,,,,,,,,,,,,,,,,,,,,,,,,,,,,,,,,,,,,,,,,,,,,,,,,,,,,,,,
